﻿<?xml version="1.0" encoding="utf-8"?>
<doc>
  <assembly>
    <name>Nokia.InteropServices.WindowsRuntime</name>
  </assembly>
  <members>
    <member name="T:Nokia.InteropServices.WindowsRuntime.BufferFactory">
      <summary>Factory for creating an instance of IBuffer from an ILockableMemory.</summary>
    </member>
    <member name="M:Nokia.InteropServices.WindowsRuntime.BufferFactory.#ctor">
      <summary>
        <markup>
          <include item="SMCAutoDocConstructor">
            <parameter>Nokia.InteropServices.WindowsRuntime.BufferFactory</parameter>
          </include>
        </markup>
      </summary>
    </member>
    <member name="M:Nokia.InteropServices.WindowsRuntime.BufferFactory.CreateBuffer(Nokia.InteropServices.WindowsRuntime.ILockableMemory)">
      <summary>Create an IBuffer from an ILockableMemory.</summary>
      <param name="bufferPointer">A pointer to the data to wrap in an IBuffer.</param>
      <returns>An IBuffer pointing to the same data as bufferPointer</returns>
    </member>
    <member name="T:Nokia.InteropServices.WindowsRuntime.ILockableMemory">
      <summary>
A buffer represented by a pointer to a memory location and a length.
Implementations can be used to create IBuffer objects using a BufferFactory.
</summary>
    </member>
    <member name="P:Nokia.InteropServices.WindowsRuntime.ILockableMemory.Length">
      <summary>The length of the buffer.</summary>
    </member>
    <member name="M:Nokia.InteropServices.WindowsRuntime.ILockableMemory.Lock">
      <summary>Lock the buffer for pointer access.</summary>
      <returns>Raw pointer as an int64.</returns>
    </member>
    <member name="M:Nokia.InteropServices.WindowsRuntime.ILockableMemory.Unlock">
      <summary>Unlock the buffer for pointer access, invalidating the previously returned raw pointer.</summary>
    </member>
  </members>
</doc>