﻿<?xml version="1.0" encoding="utf-8"?>
<Roots >
  <Roots.Interfaces>
    <RootInterface FullName="Windows.UI.Xaml.Data.IValueConverter" />
  </Roots.Interfaces>
  <Roots.PropertyPathNames>
    <RootPropertyPathName Name="Text" />
    <RootPropertyPathName Name="BorderBrush" />
    <RootPropertyPathName Name="Opacity" />
    <RootPropertyPathName Name="CheckedBrush" />
    <RootPropertyPathName Name="Margin" />
    <RootPropertyPathName Name="PressedBrush" />
    <RootPropertyPathName Name="AnimationDuration" />
    <RootPropertyPathName Name="UncheckedOpacity" />
    <RootPropertyPathName Name="CheckedOpacity" />
  </Roots.PropertyPathNames>
  <Roots.RootTypes>
    <RootType FullName="Windows.UI.Xaml.ResourceDictionary">
      <RootProperty Name="ThemeDictionaries" />
    </RootType>
    <RootType FullName="Coding4Fun.Toolkit.Controls.Converters.SolidColorBrushToColorConverter" />
    <RootType FullName="Windows.UI.Xaml.Media.SolidColorBrush">
      <RootProperty Name="Color" />
    </RootType>
    <RootType FullName="System.Double" />
    <RootType FullName="Windows.UI.Xaml.Media.FontFamily" />
    <RootType FullName="Windows.UI.Xaml.Thickness" />
    <RootType FullName="Windows.UI.Xaml.Controls.ControlTemplate">
      <RootProperty Name="TargetType" />
      <RootProperty Name="Template" />
    </RootType>
    <RootType FullName="Windows.UI.Xaml.GridLength" />
    <RootType FullName="Coding4Fun.Toolkit.Controls.Converters.StringToVisibilityConverter" />
    <RootType FullName="Coding4Fun.Toolkit.Controls.Converters.BooleanToVisibilityConverter" />
    <RootType FullName="Windows.UI.Xaml.Controls.ContentControl">
      <RootProperty Name="HorizontalContentAlignment" />
      <RootProperty Name="Margin" />
      <RootProperty Name="Content" />
      <RootProperty Name="FontSize" />
      <RootProperty Name="FontFamily" />
      <RootProperty Name="VerticalAlignment" />
      <RootProperty Name="HorizontalAlignment" />
      <RootProperty Name="Name" />
      <RootProperty Name="VerticalContentAlignment" />
      <RootProperty Name="Foreground" />
      <RootProperty Name="Style" />
      <RootProperty Name="FontWeight" />
      <RootProperty Name="Padding" />
      <RootProperty Name="BorderThickness" />
    </RootType>
    <RootType FullName="Windows.UI.Xaml.FrameworkElement">
      <RootProperty Name="HorizontalAlignment" />
      <RootProperty Name="Margin" />
      <RootProperty Name="VerticalAlignment" />
      <RootProperty Name="MinWidth" />
      <RootProperty Name="MinHeight" />
      <RootProperty Name="Width" />
      <RootProperty Name="Height" />
    </RootType>
    <RootType FullName="Coding4Fun.Toolkit.Controls.ImageTile" />
    <RootType FullName="Windows.UI.Xaml.Controls.Control">
      <RootProperty Name="Background" />
      <RootProperty Name="Foreground" />
      <RootProperty Name="FontFamily" />
      <RootProperty Name="FontSize" />
      <RootProperty Name="Padding" />
      <RootProperty Name="Template" />
      <RootProperty Name="BorderBrush" />
      <RootProperty Name="FontWeight" />
      <RootProperty Name="BorderThickness" />
      <RootProperty Name="HorizontalContentAlignment" />
    </RootType>
    <RootType FullName="Coding4Fun.Toolkit.Controls.OpacityToggleButton" />
    <RootType FullName="Coding4Fun.Toolkit.Controls.ToggleButtonBase">
      <RootProperty Name="ButtonWidth" />
      <RootProperty Name="ButtonHeight" />
      <RootProperty Name="CheckedBrush" />
    </RootType>
    <RootType FullName="Coding4Fun.Toolkit.Controls.RoundButton">
      <RootProperty Name="PressedBrush" />
      <RootProperty Name="ButtonWidth" />
      <RootProperty Name="ButtonHeight" />
    </RootType>
    <RootType FullName="Coding4Fun.Toolkit.Controls.RoundToggleButton" />
    <RootType FullName="Coding4Fun.Toolkit.Controls.Tile" />
    <RootType FullName="Coding4Fun.Toolkit.Controls.TileNotification" />
    <RootType FullName="Coding4Fun.Toolkit.Controls.ChatBubble" />
    <RootType FullName="Coding4Fun.Toolkit.Controls.ChatBubbleTextBox" />
    <RootType FullName="Windows.UI.Xaml.Controls.ScrollViewer">
      <RootProperty Name="Name" />
      <RootProperty Name="Foreground" />
      <RootProperty Name="Content" />
      <RootProperty Name="HorizontalScrollMode" />
      <RootProperty Name="HorizontalScrollBarVisibility" />
      <RootProperty Name="IsTabStop" />
      <RootProperty Name="IsHorizontalRailEnabled" />
      <RootProperty Name="IsVerticalRailEnabled" />
      <RootProperty Name="IsDeferredScrollingEnabled" />
      <RootProperty Name="Margin" />
      <RootProperty Name="Padding" />
      <RootProperty Name="VerticalScrollBarVisibility" />
      <RootProperty Name="VerticalScrollMode" />
      <RootProperty Name="ZoomMode" />
      <RootMethod Name="GetHorizontalScrollBarVisibility" />
      <RootMethod Name="SetHorizontalScrollBarVisibility" />
      <RootMethod Name="GetVerticalScrollBarVisibility" />
      <RootMethod Name="SetVerticalScrollBarVisibility" />
      <RootMethod Name="GetIsDeferredScrollingEnabled" />
      <RootMethod Name="SetIsDeferredScrollingEnabled" />
    </RootType>
    <RootType FullName="Coding4Fun.Toolkit.Controls.ColorHexagonPicker" />
    <RootType FullName="Windows.UI.Xaml.Controls.TextBlock">
      <RootProperty Name="FontSize" />
      <RootProperty Name="Text" />
      <RootProperty Name="Margin" />
      <RootProperty Name="Foreground" />
      <RootProperty Name="FontWeight" />
      <RootProperty Name="Visibility" />
      <RootProperty Name="FontFamily" />
      <RootProperty Name="Opacity" />
      <RootProperty Name="Style" />
      <RootProperty Name="Name" />
      <RootProperty Name="HorizontalAlignment" />
      <RootProperty Name="VerticalAlignment" />
      <RootProperty Name="Padding" />
      <RootProperty Name="TextWrapping" />
    </RootType>
    <RootType FullName="Windows.UI.Xaml.Shapes.Rectangle">
      <RootProperty Name="Fill" />
      <RootProperty Name="Opacity" />
      <RootProperty Name="Style" />
      <RootProperty Name="RadiusX" />
      <RootProperty Name="RadiusY" />
    </RootType>
    <RootType FullName="Windows.UI.Xaml.Shapes.Shape">
      <RootProperty Name="Fill" />
    </RootType>
    <RootType FullName="Windows.UI.Xaml.UIElement">
      <RootProperty Name="Opacity" />
    </RootType>
    <RootType FullName="Windows.UI.Xaml.Controls.Image">
      <RootProperty Name="Stretch" />
      <RootProperty Name="Source" />
      <RootProperty Name="Height" />
      <RootProperty Name="Visibility" />
      <RootProperty Name="Opacity" />
      <RootProperty Name="Style" />
    </RootType>
    <RootType FullName="Windows.UI.Xaml.Controls.Panel">
      <RootProperty Name="Background" />
    </RootType>
    <RootType FullName="Coding4Fun.Toolkit.Controls.MetroFlowItem">
      <RootProperty Name="Title" />
    </RootType>
    <RootType FullName="Coding4Fun.Toolkit.Controls.MetroFlow" />
    <RootType FullName="Coding4Fun.Toolkit.Controls.LockScreenPreview" />
    <RootType FullName="Coding4Fun.Toolkit.Controls.SuperImage">
      <RootProperty Name="Source" />
      <RootProperty Name="Stretch" />
    </RootType>
    <RootType FullName="Windows.UI.Xaml.Setter">
      <RootProperty Name="Property" />
      <RootProperty Name="Value" />
    </RootType>
    <RootType FullName="Windows.UI.Xaml.Controls.Grid">
      <RootProperty Name="Children" />
      <RootProperty Name="Width" />
      <RootProperty Name="Height" />
      <RootProperty Name="Margin" />
      <RootProperty Name="RowDefinitions" />
      <RootProperty Name="Name" />
      <RootProperty Name="Style" />
      <RootProperty Name="VerticalAlignment" />
      <RootProperty Name="Resources" />
      <RootProperty Name="ColumnDefinitions" />
      <RootProperty Name="Background" />
      <RootMethod Name="GetRow" />
      <RootMethod Name="SetRow" />
      <RootMethod Name="GetColumnSpan" />
      <RootMethod Name="SetColumnSpan" />
      <RootMethod Name="GetColumn" />
      <RootMethod Name="SetColumn" />
    </RootType>
    <RootType FullName="Windows.UI.Xaml.Controls.Border">
      <RootProperty Name="Opacity" />
      <RootProperty Name="Background" />
      <RootProperty Name="Child" />
      <RootProperty Name="Name" />
      <RootProperty Name="BorderBrush" />
      <RootProperty Name="BorderThickness" />
      <RootProperty Name="Margin" />
      <RootProperty Name="Padding" />
      <RootProperty Name="Height" />
      <RootProperty Name="Width" />
      <RootProperty Name="Visibility" />
    </RootType>
    <RootType FullName="Microsoft.Xaml.Tools.DirectUI.ProxyTypes.TemplateBindingExtension" />
    <RootType FullName="Windows.UI.Xaml.Controls.Viewbox">
      <RootProperty Name="Stretch" />
      <RootProperty Name="Child" />
    </RootType>
    <RootType FullName="Windows.UI.Xaml.Controls.RowDefinition">
      <RootProperty Name="Height" />
    </RootType>
    <RootType FullName="Windows.UI.Xaml.Controls.StackPanel">
      <RootProperty Name="Margin" />
      <RootProperty Name="VerticalAlignment" />
      <RootProperty Name="HorizontalAlignment" />
      <RootProperty Name="Orientation" />
      <RootProperty Name="Children" />
      <RootProperty Name="DataContext" />
      <RootProperty Name="Visibility" />
    </RootType>
    <RootType FullName="Windows.UI.Xaml.Shapes.Path">
      <RootProperty Name="Height" />
      <RootProperty Name="Stretch" />
      <RootProperty Name="Fill" />
      <RootProperty Name="Data" />
      <RootProperty Name="Width" />
      <RootProperty Name="Margin" />
      <RootProperty Name="Projection" />
      <RootProperty Name="Name" />
      <RootProperty Name="Opacity" />
      <RootProperty Name="Visibility" />
      <RootProperty Name="HorizontalAlignment" />
      <RootProperty Name="VerticalAlignment" />
    </RootType>
    <RootType FullName="Windows.UI.Xaml.Data.Binding">
      <RootProperty Name="Converter" />
      <RootProperty Name="RelativeSource" />
      <RootProperty Name="ElementName" />
      <RootProperty Name="Path" />
      <RootProperty Name="Source" />
    </RootType>
    <RootType FullName="Microsoft.Xaml.Tools.DirectUI.ProxyTypes.StaticResourceExtension" />
    <RootType FullName="Windows.UI.Xaml.Media.PlaneProjection">
      <RootProperty Name="RotationZ" />
    </RootType>
    <RootType FullName="Windows.UI.Xaml.Data.RelativeSource">
      <RootProperty Name="Mode" />
    </RootType>
    <RootType FullName="Windows.UI.Xaml.Controls.ContentPresenter">
      <RootProperty Name="Content" />
      <RootProperty Name="ContentTemplate" />
    </RootType>
    <RootType FullName="Windows.UI.Xaml.VisualStateManager">
      <RootMethod Name="GetVisualStateGroups" />
    </RootType>
    <RootType FullName="Windows.UI.Xaml.VisualStateGroup">
      <RootProperty Name="States" />
    </RootType>
    <RootType FullName="Windows.UI.Xaml.VisualState">
      <RootProperty Name="Storyboard" />
    </RootType>
    <RootType FullName="Windows.UI.Xaml.Media.Animation.Storyboard">
      <RootProperty Name="Children" />
      <RootMethod Name="GetTargetProperty" />
      <RootMethod Name="SetTargetProperty" />
      <RootMethod Name="GetTargetName" />
      <RootMethod Name="SetTargetName" />
    </RootType>
    <RootType FullName="Windows.UI.Xaml.Media.Animation.ObjectAnimationUsingKeyFrames">
      <RootProperty Name="KeyFrames" />
    </RootType>
    <RootType FullName="Windows.UI.Xaml.Media.Animation.DiscreteObjectKeyFrame">
      <RootProperty Name="KeyTime" />
      <RootProperty Name="Value" />
    </RootType>
    <RootType FullName="Windows.UI.Xaml.Visibility" />
    <RootType FullName="Windows.UI.Xaml.Media.Animation.DoubleAnimation">
      <RootProperty Name="Duration" />
      <RootProperty Name="To" />
    </RootType>
    <RootType FullName="Windows.UI.Xaml.Controls.Button">
      <RootProperty Name="Name" />
      <RootProperty Name="Style" />
      <RootProperty Name="BorderThickness" />
      <RootProperty Name="FontSize" />
      <RootProperty Name="IsTabStop" />
      <RootProperty Name="Visibility" />
      <RootProperty Name="VerticalAlignment" />
    </RootType>
    <RootType FullName="Windows.UI.Xaml.Controls.ColumnDefinition">
      <RootProperty Name="Width" />
    </RootType>
    <RootType FullName="Windows.UI.Xaml.Shapes.Ellipse">
      <RootProperty Name="Stroke" />
      <RootProperty Name="Margin" />
      <RootProperty Name="StrokeThickness" />
      <RootProperty Name="Fill" />
    </RootType>
  </Roots.RootTypes>
</Roots>
